rank,channel_id,channel_name
1,UChBQgieUidXV1CmDxSdRm3g,Citizen TV Kenya
2,UCKVsdeoHExltrWMuK0hOWmg,KTN News Kenya
3,UCqBJ47FjJcl61fmSbcadAVg,NTV Kenya
4,UCa2gldA2ivhzMwIJRA5683w,Lynn Ngugi
5,UCl6ICaB9meBcSMQ5Zmr446g,Tuko / Tuco - Kenya
6,UC4QYAvoLTyE58CoqmmgqnDQ,Ridhwan Issack
7,UCJvhxJf8-Bne99uzuQpFIpg,Dr. King'ori (Felixe JaSiaya)
8,UCUhrpGr_luwUzVaxiW5Jkhw,Switch TV
9,UC_9xRXWjRrz_Jy7SWhUnBBw,Obinna TV Extra
10,UCZ6r5PvXtieU9L0B2vh_ekg,Kenya Diaspora Media USA
11,UCMD-JmezXoQiV9PiWLwVpGQ,Presenter Ali
12,UCOsHyjujol57SIFR0imyEKQ,Radio Jambo KENYA
13,UCZD5OZHEyYG60lF8SBh_JVQ,Dee Mwango
14,UCQNvzA_18e5JCBbhZ89ak4w,Wapendwa Muziki
15,UCSYUI0C0gG-Kp03GBaO2G9Q,Financial Faiz
16,UChQXn6sL9ENIpA74qqPG1HA,3MenArmy Kenya
17,UCsURxs8Kz_qzezpicj-STyw,Capital FM Kenya
18,UCSVT1XTcae5Flp94OODu4mw,The Obinnaz
19,UCEMsE6ZgO2sYnFBGxQK9vPA,Zabe
20,UC5h4-WH0LAV4CWs380yM33A,Iko Nini Podcast
21,UCD-Mf4F5ZQ1Jw-nb2gqD1mw,Engage Talk
22,UCNlqMU1drfsfidiPT_hHNkQ,Hot 96 FM
23,UCd5mKY1HUcDBySXgK1lYUvg,Radio Citizen
24,UCItGRVcgvXjQvA4HEdoGMZw,Radio Maisha
25,UCAvd919a1ibeG5cp5QtwXOw,Shared Moments with Justus
26,UCnSlvFui0gPc-yrbORJmqOg,MARTIN DEAN KENYA
27,UCFFImqk3FPSvKWBoturxJ7g,Evans From Kenya COMMENTARIES
28,UC6fVFxrbf0HDRW3B2mdWFGA,TMI Podcast KE
29,UCE3KVkSH1GwUtAAMcVcJ3QQ,UpSyd Digital Networks
30,UC6rDXNuPbWlPN1MPggYLFkg,Vivian Kenya Official
31,UC4mbONFfAIvBwPRIz8YxVTA,Kenyan Beast
32,UCrxSe4ecTNMqjB23JafageA,The Kenyan American Home
33,UCE0YXdRyT9WC96KZfn7C9mQ,Ramogi TV Kenya
34,UCXuseB7juWB7DIgTJcwtHFQ,Parliament of Kenya
35,UCCjULCQvh2cQQLzYe4DC2Nw,The Joy Ride
36,UCtkujHXv8lY-sBCBDzzWxmA,KENYAN PRINCE SHOW
37,UCZBH2CcL2t7Puh89TshvZzQ,Mekenze Limiri
38,UCjSpvbZM2B9dzDDq2caHTeQ,Corporate Staffing Services Kenya
39,UCM0AhEzSsjf61sJntWDxcEg,The Dating Stories
40,UClJq8G6FjEeXyMH6UgimnLw,Hope TV Kenya
41,UCmBQsChFjOTcqv7D6sT8dPw,ManTalk Ke
42,UCUjUOgVT4yiY4YkhWkVZWJw,Nenyon TV
43,UCgSP5G3RmKJl72aA2lBV_Jw,KwamBox Podcast
44,UCq9K26KI96tZEQrSomHSjqg,Simy Kenya TV
45,UCEYqAce8R78wNRAkb8wIuVQ,The Sandwich Podcast KE
46,UCaezQJtBqkyuNFN8bGmBeMQ,Family Media
47,UC6AkSvREU3xfhyd2eVi_0vA,Stephanie Ng’ang’a
48,UCla23ibLfCcY7t-iSTHBSHA,Brave Kenya TV
49,UCfy9aswLTfmuqcNylgMbUrA,Constable Kenya TV
50,UCgrAIOyT2rROw4NRIx3b-Wg,The Kenyan Wall Street
51,UC502eNk1mlq63bBG98K2Hjw,Jeff Koinange
52,UCEJxeFWQ7Jm1ERznzqjkaMw,REALTY BORIS
53,UCx1WDOZzmyIa1MlK1W3RdOg,"It's Related, I Promise"
54,UCiXDI2pT3QyOAOigi7UffHA,Cars With Big Boy Trev TV
55,UCR0SvwY_QW7XrsaCZ_youXg,ZOZA PODCAST
56,UCquxoW1DZM_FkQbuWhFLcNw,Chizzi Podcast
57,UCFBoqaPTCtGJi8kr7pV33Tg,Innit Podcast
58,UCiUZwzf3gH7q-BOMgdezmug,Political Headache
59,UCYWWUTwlrj_bB-iDpD_CEIQ,Radio Generation - Kenya
60,UCwvwwgcbtlmXwzCWsFTVSog,Raw Politics Kenya
61,UC-qHhfimVh-9ZFpLLNDBJOg,Mr Sikulu
62,UCaUB5LpDS3Rn7o7NGcqGy_Q,The Kisiangani Podcast
63,UCfo5Or9z7-eSbZZfLUpyiVg,Unprepared to Entrepreneur Podcast Kenya
64,UCc0aPEt8MS0ZfelNyzws1rg,Kenya Experience
65,UCyM_kKYAciCS7-dwb4lgKhA,Walking The Streets Podcast
66,UCoqvVQZhVJsKjmSz_U8-G0Q,UTV Kenya
67,UC_wEpaDe8rpr9Z3zhi81ETQ,The Golden Voice Live 
68,UCz0PR5q6nTnv0yuCOnbbj3w,Nairobi Gold Rush
69,UCPqcDRd1ppPXkPq_USy32bg,The 30 Percent Pod
70,UC4dyBS6YFioUl0XR0rXW5mA,Thestorytimepodcast KE
71,UCmZrN7f3jasdTBkcDx3gg4Q,NEWS 24 TV KENYA
72,UCLEbibgwOY787d16dXshmbg,Judicial Service Commission of Kenya 
73,UCGGEWFyd9HJfZcGetEcyiqg,Kenya The Talking Parrot 
74,UCvlFa8WlZMMpbk5HmqZ0Gzg,Two Nilotes In A Pod
75,UCOdBdIQ7m6_RDzxkb9aZKwg,Truly Kenya
76,UCVYrpRrtjn9LxApV2PttPbQ,Concerned Podcast
77,UCuZTHA5RaqiVrnCYmOOv0sQ,BTP Studios Kenya
78,UCAGccO83wjfgjrLL-FoPNUA,Two Becoming One Podcast 
79,UCGfK7dA15EGUH3ly96wCrnw,The Naomi Talk show with Liz kinyua.
80,UCP8-q_PyC0efY_ZU229qFNQ,Radio44 Kenya
81,UClPl-fsL4xeuqUM2EBHmW1A,Surviving Nairobi
82,UCdZIgOBXgFztR0rPCJYBY4A,MERBAU Channel
83,UCvGlNuiZeA3t4BQLCBS6erA,The Power Panel Podcast With Amb. Raychelle Omamo
84,UCR3T4osWyJ6Jhkz6w5EeEKg,Kenya Trends Podcast
85,UC8uftNAEAOWnpHLCq8W25RQ,Construction TV Kenya
86,UC8_mQivSbUS6yqLB4Tv-UYg,Podcastish Kenya
87,UCrMXLjFgSqz5Hc5fXzTeLFw,Liberating Minds Podcast
88,UCUEeF2Ra03--4DwXrxEwe7A,The We Crew Podcast
89,UCRurWvtzp-DSZbL2qgjxFdg,Panel54 Podcast
90,UCNo-ex-Lvy546IHafbCO_kw,Nairobi Sisterhood
91,UCpBkES9MwTkHys6m2ALHsjg,The Kisumu Street Talk Show
92,UC_wg2l_J7CMctgLuSL-MJQg,Nairobi talks podcast
93,UCLwD7aMSjispS8JOy7FQB8w,SISIBO Podcast 
94,UC2Jvir-qN9jiU-Z0nb9qjxw,The Platform KE
95,UCM58J-ijsaQrZIlOpJ7oohQ,Kenyan Powerhouse Tv
96,UCAXr6AS1E9VGjXc3B4_Y1IQ,NairoBEERns
97,UC1opVgOIPpOiHcZu1kG2jFg,The Real 20-Somethings Podcast
98,UCCLU0mbHY0YlckLI9CAZJHw,Watalii podcast
99,UCCxOOTjp-qfKM-cDERJjctA,BIG TIMES PODCAST 
100,UC_Z62_Gelo8eoWVAY-Tvlwg,KENYAN PODCAST SHOW
101,UCM1eHYPv9-OdjmMiridAi-Q,BAADA YA SUMMIT PODCAST
102,UCJxR6Lh3GgCcNTQd0cqEMLg,Hoteliers Kenya
103,UCdTl3OaWU7bQZdMj9a6Kp5Q,Tuff Podcast Kenya
104,UC7v1bGiZPMdQM8P8VhU0ckA,Diversity With Diana Podcast
105,UCYcynN2gZOjVEUrQEissJEw,The Kenyan Life Podcast
106,UCfn3M-wMNvmr1TETPmKcpjg,Hoodtalk Podcast
107,UCEwuBVIRwZSTpviVphfKe7Q,THE ISHOTS MEDIA PODCAST
108,UCVCExgifejpjkCfalJ39B7A,The Infornights Podcast
109,UCVE5ZQ9R34FUif1-8-pt7Gw,On A Friday Podcast
110,UCbUHmNI8_k9liI_Xgo-pzzg,The East Africa Business Podcast
111,UCqQunFufV0726fwRNWp6Dkg,The Norm Podcast
112,UCrkKRmxD0li0y9HjPb1xWMA,UpSyd Clips
113,UCTI2GmaI835bb4nRFtaSq9g,Chebichi USA Kenya Link
114,UCPXjfklySf9QxPD4NI-VSeg,Tech Magazine Kenya
115,UCEioZNJoAjcycW-0I-eMnUg,Point 254 Podcast
116,UCis2bjui0pc85xiq8ohgu8A,Nyarari Talk Show
117,UCCU6P2ZLubIq5iHWml3wOVA,MaYouth Kenya (Podcast)
118,UC_JXNZ74vEqZere1sAkiicA,The Kenyan podcast
119,UCElsoUs_l5pW3mIy99STaLg,OUTSOURCE TALK SHOW
120,UCKF4RCmR4WQoVzzvjG71k5Q,The What Even Podcast
121,UCGaYSf2V9K0ZA1Fxl7vBMAA,OTR Podcast KE
122,UCFMma0gjV8KxytlX8Pijn7g,GENZ talk show  Kenya 
123,UC9SnsF4x-VJgByNSRLp7nBQ,The High Talk Kenya
124,UCG4alNwXXPfiJzOfYv0oe2A,NOW WHAT? Kenyan Podcast 
125,UC_PfgekH5UjTe0RcX-1ViuA,Learn with me
126,UCHm4c8oasU7YWm7SRK4Jmwg,The Kenyan Agenda.
127,UCojbm7CcNaT8QKImWVISTDA,PRINCENOEL_TRENDS
128,UC-VZ5KXKAE_57S_R7pthglw,Inside Scoop podcast KE
129,UCBmYVLDc68PggXomgJAmgdw,Utajua Hujui Podcast
130,UCAIW3ZOzVBROadC3QFNwipQ,SelfReflections with Nekesa
131,UC7JDXnv4ZHhFZ5XsBnf9evA,MG100 KENYA
132,UChKV1lwcEOON6Sdc7v0gqMg,Nairobi Teacher & Family Podcast
133,UCQFja3n1zr4YqVVDUOTw8pQ,Let’s Talk About It! With Kenya
134,UCYi4QdrP-vPkbJ2rN0Pb35g,Kenyan Love Talks & Advice podcast
135,UCd-ySVrUYn4q3P2BduCoQ_Q,BEING KENYAN PODCAST
136,UC-KhQkCyDkfnXWvk2ftLS8w,Nairobi Podcast Studio.
137,UCFXphqedTzlEtbdTBJcz_Pg,Amped Studios
138,UCwGBF4-qaUOlix0-7gJgXZA,Woman Kenya Network
139,UC_Xg1bgPH1hPHTvnhwOe2pg,Kenya News Podcast
140,UCxSpR5ZNKP6vo9fWPVFo66A,Nairobi Youth Congress official
141,UCWyvW8Hzp6j4acsUtVx4o0g,ON THE TABLE PODCAST KENYA
142,UCCiNVrIvphH-VnvPgUMLymw,STV KENYA 
143,UCUS_VhmqAG84NiO5WC8g5Hw,Kenya Marketplace Daily Podcast
144,UCFZ6hHWKXv_PSA6F2EA0QcQ,The Nairobi Podcast
